Tahun;Wilayah;Nominal;ADHK2010;Laju;Konteks
2021;Simeulue;2460.29;1657.03;3.41;Tanpa penanda sementara pada tabel. Nominal ADHB dan ADHK2010: miliar rupiah. Laju riil: persen. BPS Aceh, Provinsi Aceh Dalam Angka 2026, tabel 13.2.1, 13.2.2, 13.2.4.
2022;Simeulue;2688.03;1726.61;4.20;Tanpa penanda sementara pada tabel. Nominal ADHB dan ADHK2010: miliar rupiah. Laju riil: persen. BPS Aceh, Provinsi Aceh Dalam Angka 2026, tabel 13.2.1, 13.2.2, 13.2.4.
2023;Simeulue;2935.10;1806.62;4.63;Tanpa penanda sementara pada tabel. Nominal ADHB dan ADHK2010: miliar rupiah. Laju riil: persen. BPS Aceh, Provinsi Aceh Dalam Angka 2026, tabel 13.2.1, 13.2.2, 13.2.4.
2024;Simeulue;3150.76;1886.61;4.43;Angka sementara. Nominal ADHB dan ADHK2010: miliar rupiah. Laju riil: persen. BPS Aceh, Provinsi Aceh Dalam Angka 2026, tabel 13.2.1, 13.2.2, 13.2.4.
2025;Simeulue;3437.91;1958.50;3.81;Angka sangat sementara. Nominal ADHB dan ADHK2010: miliar rupiah. Laju riil: persen. BPS Aceh, Provinsi Aceh Dalam Angka 2026, tabel 13.2.1, 13.2.2, 13.2.4.
2021;Aceh Singkil;2714.40;1780.42;3.90;Tanpa penanda sementara pada tabel. Nominal ADHB dan ADHK2010: miliar rupiah. Laju riil: persen. BPS Aceh, Provinsi Aceh Dalam Angka 2026, tabel 13.2.1, 13.2.2, 13.2.4.
2022;Aceh Singkil;3004.57;1844.65;3.61;Tanpa penanda sementara pada tabel. Nominal ADHB dan ADHK2010: miliar rupiah. Laju riil: persen. BPS Aceh, Provinsi Aceh Dalam Angka 2026, tabel 13.2.1, 13.2.2, 13.2.4.
2023;Aceh Singkil;3202.51;1909.66;3.52;Tanpa penanda sementara pada tabel. Nominal ADHB dan ADHK2010: miliar rupiah. Laju riil: persen. BPS Aceh, Provinsi Aceh Dalam Angka 2026, tabel 13.2.1, 13.2.2, 13.2.4.
2024;Aceh Singkil;3441.08;1975.75;3.46;Angka sementara. Nominal ADHB dan ADHK2010: miliar rupiah. Laju riil: persen. BPS Aceh, Provinsi Aceh Dalam Angka 2026, tabel 13.2.1, 13.2.2, 13.2.4.
2025;Aceh Singkil;3744.49;2043.19;3.41;Angka sangat sementara. Nominal ADHB dan ADHK2010: miliar rupiah. Laju riil: persen. BPS Aceh, Provinsi Aceh Dalam Angka 2026, tabel 13.2.1, 13.2.2, 13.2.4.
2021;Aceh Selatan;5969.85;4345.78;2.46;Tanpa penanda sementara pada tabel. Nominal ADHB dan ADHK2010: miliar rupiah. Laju riil: persen. BPS Aceh, Provinsi Aceh Dalam Angka 2026, tabel 13.2.1, 13.2.2, 13.2.4.
2022;Aceh Selatan;6446.52;4480.84;3.11;Tanpa penanda sementara pada tabel. Nominal ADHB dan ADHK2010: miliar rupiah. Laju riil: persen. BPS Aceh, Provinsi Aceh Dalam Angka 2026, tabel 13.2.1, 13.2.2, 13.2.4.
2023;Aceh Selatan;6963.46;4639.20;3.53;Tanpa penanda sementara pada tabel. Nominal ADHB dan ADHK2010: miliar rupiah. Laju riil: persen. BPS Aceh, Provinsi Aceh Dalam Angka 2026, tabel 13.2.1, 13.2.2, 13.2.4.
2024;Aceh Selatan;7466.23;4788.29;3.21;Angka sementara. Nominal ADHB dan ADHK2010: miliar rupiah. Laju riil: persen. BPS Aceh, Provinsi Aceh Dalam Angka 2026, tabel 13.2.1, 13.2.2, 13.2.4.
2025;Aceh Selatan;8035.17;4931.74;3.00;Angka sangat sementara. Nominal ADHB dan ADHK2010: miliar rupiah. Laju riil: persen. BPS Aceh, Provinsi Aceh Dalam Angka 2026, tabel 13.2.1, 13.2.2, 13.2.4.
2021;Aceh Tenggara;5421.59;3490.16;1.57;Tanpa penanda sementara pada tabel. Nominal ADHB dan ADHK2010: miliar rupiah. Laju riil: persen. BPS Aceh, Provinsi Aceh Dalam Angka 2026, tabel 13.2.1, 13.2.2, 13.2.4.
2022;Aceh Tenggara;5828.69;3584.21;2.69;Tanpa penanda sementara pada tabel. Nominal ADHB dan ADHK2010: miliar rupiah. Laju riil: persen. BPS Aceh, Provinsi Aceh Dalam Angka 2026, tabel 13.2.1, 13.2.2, 13.2.4.
2023;Aceh Tenggara;6257.95;3693.26;3.04;Tanpa penanda sementara pada tabel. Nominal ADHB dan ADHK2010: miliar rupiah. Laju riil: persen. BPS Aceh, Provinsi Aceh Dalam Angka 2026, tabel 13.2.1, 13.2.2, 13.2.4.
2024;Aceh Tenggara;6737.89;3825.99;3.59;Angka sementara. Nominal ADHB dan ADHK2010: miliar rupiah. Laju riil: persen. BPS Aceh, Provinsi Aceh Dalam Angka 2026, tabel 13.2.1, 13.2.2, 13.2.4.
2025;Aceh Tenggara;7230.21;3939.45;2.97;Angka sangat sementara. Nominal ADHB dan ADHK2010: miliar rupiah. Laju riil: persen. BPS Aceh, Provinsi Aceh Dalam Angka 2026, tabel 13.2.1, 13.2.2, 13.2.4.
2021;Aceh Timur;11697.83;8433.53;1.94;Tanpa penanda sementara pada tabel. Nominal ADHB dan ADHK2010: miliar rupiah. Laju riil: persen. BPS Aceh, Provinsi Aceh Dalam Angka 2026, tabel 13.2.1, 13.2.2, 13.2.4.
2022;Aceh Timur;13101.06;8748.42;3.73;Tanpa penanda sementara pada tabel. Nominal ADHB dan ADHK2010: miliar rupiah. Laju riil: persen. BPS Aceh, Provinsi Aceh Dalam Angka 2026, tabel 13.2.1, 13.2.2, 13.2.4.
2023;Aceh Timur;13803.09;8931.14;2.09;Tanpa penanda sementara pada tabel. Nominal ADHB dan ADHK2010: miliar rupiah. Laju riil: persen. BPS Aceh, Provinsi Aceh Dalam Angka 2026, tabel 13.2.1, 13.2.2, 13.2.4.
2024;Aceh Timur;14935.34;9344.83;4.63;Angka sementara. Nominal ADHB dan ADHK2010: miliar rupiah. Laju riil: persen. BPS Aceh, Provinsi Aceh Dalam Angka 2026, tabel 13.2.1, 13.2.2, 13.2.4.
2025;Aceh Timur;15720.96;9466.19;1.30;Angka sangat sementara. Nominal ADHB dan ADHK2010: miliar rupiah. Laju riil: persen. BPS Aceh, Provinsi Aceh Dalam Angka 2026, tabel 13.2.1, 13.2.2, 13.2.4.
2021;Aceh Tengah;8031.95;5958.12;3.30;Tanpa penanda sementara pada tabel. Nominal ADHB dan ADHK2010: miliar rupiah. Laju riil: persen. BPS Aceh, Provinsi Aceh Dalam Angka 2026, tabel 13.2.1, 13.2.2, 13.2.4.
2022;Aceh Tengah;8873.41;6252.07;4.93;Tanpa penanda sementara pada tabel. Nominal ADHB dan ADHK2010: miliar rupiah. Laju riil: persen. BPS Aceh, Provinsi Aceh Dalam Angka 2026, tabel 13.2.1, 13.2.2, 13.2.4.
2023;Aceh Tengah;9842.50;6602.15;5.60;Tanpa penanda sementara pada tabel. Nominal ADHB dan ADHK2010: miliar rupiah. Laju riil: persen. BPS Aceh, Provinsi Aceh Dalam Angka 2026, tabel 13.2.1, 13.2.2, 13.2.4.
2024;Aceh Tengah;10721.42;6931.25;4.98;Angka sementara. Nominal ADHB dan ADHK2010: miliar rupiah. Laju riil: persen. BPS Aceh, Provinsi Aceh Dalam Angka 2026, tabel 13.2.1, 13.2.2, 13.2.4.
2025;Aceh Tengah;11503.56;7139.99;3.01;Angka sangat sementara. Nominal ADHB dan ADHK2010: miliar rupiah. Laju riil: persen. BPS Aceh, Provinsi Aceh Dalam Angka 2026, tabel 13.2.1, 13.2.2, 13.2.4.
2021;Aceh Barat;9983.11;7498.18;5.84;Tanpa penanda sementara pada tabel. Nominal ADHB dan ADHK2010: miliar rupiah. Laju riil: persen. BPS Aceh, Provinsi Aceh Dalam Angka 2026, tabel 13.2.1, 13.2.2, 13.2.4.
2022;Aceh Barat;12730.16;7744.00;3.28;Tanpa penanda sementara pada tabel. Nominal ADHB dan ADHK2010: miliar rupiah. Laju riil: persen. BPS Aceh, Provinsi Aceh Dalam Angka 2026, tabel 13.2.1, 13.2.2, 13.2.4.
2023;Aceh Barat;13571.92;8060.20;4.08;Tanpa penanda sementara pada tabel. Nominal ADHB dan ADHK2010: miliar rupiah. Laju riil: persen. BPS Aceh, Provinsi Aceh Dalam Angka 2026, tabel 13.2.1, 13.2.2, 13.2.4.
2024;Aceh Barat;14050.99;8682.52;7.72;Angka sementara. Nominal ADHB dan ADHK2010: miliar rupiah. Laju riil: persen. BPS Aceh, Provinsi Aceh Dalam Angka 2026, tabel 13.2.1, 13.2.2, 13.2.4.
2025;Aceh Barat;14828.76;9068.13;4.44;Angka sangat sementara. Nominal ADHB dan ADHK2010: miliar rupiah. Laju riil: persen. BPS Aceh, Provinsi Aceh Dalam Angka 2026, tabel 13.2.1, 13.2.2, 13.2.4.
2021;Aceh Besar;14050.48;10261.59;2.44;Tanpa penanda sementara pada tabel. Nominal ADHB dan ADHK2010: miliar rupiah. Laju riil: persen. BPS Aceh, Provinsi Aceh Dalam Angka 2026, tabel 13.2.1, 13.2.2, 13.2.4.
2022;Aceh Besar;15456.86;10658.63;3.87;Tanpa penanda sementara pada tabel. Nominal ADHB dan ADHK2010: miliar rupiah. Laju riil: persen. BPS Aceh, Provinsi Aceh Dalam Angka 2026, tabel 13.2.1, 13.2.2, 13.2.4.
2023;Aceh Besar;17067.98;11124.02;4.37;Tanpa penanda sementara pada tabel. Nominal ADHB dan ADHK2010: miliar rupiah. Laju riil: persen. BPS Aceh, Provinsi Aceh Dalam Angka 2026, tabel 13.2.1, 13.2.2, 13.2.4.
2024;Aceh Besar;18412.05;11675.20;4.95;Angka sementara. Nominal ADHB dan ADHK2010: miliar rupiah. Laju riil: persen. BPS Aceh, Provinsi Aceh Dalam Angka 2026, tabel 13.2.1, 13.2.2, 13.2.4.
2025;Aceh Besar;19555.16;12020.56;2.96;Angka sangat sementara. Nominal ADHB dan ADHK2010: miliar rupiah. Laju riil: persen. BPS Aceh, Provinsi Aceh Dalam Angka 2026, tabel 13.2.1, 13.2.2, 13.2.4.
2021;Pidie;11341.39;7975.10;2.63;Tanpa penanda sementara pada tabel. Nominal ADHB dan ADHK2010: miliar rupiah. Laju riil: persen. BPS Aceh, Provinsi Aceh Dalam Angka 2026, tabel 13.2.1, 13.2.2, 13.2.4.
2022;Pidie;12412.37;8292.69;3.98;Tanpa penanda sementara pada tabel. Nominal ADHB dan ADHK2010: miliar rupiah. Laju riil: persen. BPS Aceh, Provinsi Aceh Dalam Angka 2026, tabel 13.2.1, 13.2.2, 13.2.4.
2023;Pidie;13489.65;8619.88;3.95;Tanpa penanda sementara pada tabel. Nominal ADHB dan ADHK2010: miliar rupiah. Laju riil: persen. BPS Aceh, Provinsi Aceh Dalam Angka 2026, tabel 13.2.1, 13.2.2, 13.2.4.
2024;Pidie;14549.43;8977.21;4.15;Angka sementara. Nominal ADHB dan ADHK2010: miliar rupiah. Laju riil: persen. BPS Aceh, Provinsi Aceh Dalam Angka 2026, tabel 13.2.1, 13.2.2, 13.2.4.
2025;Pidie;15561.75;9245.75;2.99;Angka sangat sementara. Nominal ADHB dan ADHK2010: miliar rupiah. Laju riil: persen. BPS Aceh, Provinsi Aceh Dalam Angka 2026, tabel 13.2.1, 13.2.2, 13.2.4.
2021;Bireuen;14079.53;10369.98;4.09;Tanpa penanda sementara pada tabel. Nominal ADHB dan ADHK2010: miliar rupiah. Laju riil: persen. BPS Aceh, Provinsi Aceh Dalam Angka 2026, tabel 13.2.1, 13.2.2, 13.2.4.
2022;Bireuen;15469.56;10821.13;4.35;Tanpa penanda sementara pada tabel. Nominal ADHB dan ADHK2010: miliar rupiah. Laju riil: persen. BPS Aceh, Provinsi Aceh Dalam Angka 2026, tabel 13.2.1, 13.2.2, 13.2.4.
2023;Bireuen;17028.33;11295.41;4.38;Tanpa penanda sementara pada tabel. Nominal ADHB dan ADHK2010: miliar rupiah. Laju riil: persen. BPS Aceh, Provinsi Aceh Dalam Angka 2026, tabel 13.2.1, 13.2.2, 13.2.4.
2024;Bireuen;18380.99;11806.51;4.52;Angka sementara. Nominal ADHB dan ADHK2010: miliar rupiah. Laju riil: persen. BPS Aceh, Provinsi Aceh Dalam Angka 2026, tabel 13.2.1, 13.2.2, 13.2.4.
2025;Bireuen;19823.76;12191.19;3.26;Angka sangat sementara. Nominal ADHB dan ADHK2010: miliar rupiah. Laju riil: persen. BPS Aceh, Provinsi Aceh Dalam Angka 2026, tabel 13.2.1, 13.2.2, 13.2.4.
2021;Aceh Utara;23242.91;16926.10;-0.54;Tanpa penanda sementara pada tabel. Nominal ADHB dan ADHK2010: miliar rupiah. Laju riil: persen. BPS Aceh, Provinsi Aceh Dalam Angka 2026, tabel 13.2.1, 13.2.2, 13.2.4.
2022;Aceh Utara;28175.46;17720.06;4.69;Tanpa penanda sementara pada tabel. Nominal ADHB dan ADHK2010: miliar rupiah. Laju riil: persen. BPS Aceh, Provinsi Aceh Dalam Angka 2026, tabel 13.2.1, 13.2.2, 13.2.4.
2023;Aceh Utara;28377.15;17810.96;0.51;Tanpa penanda sementara pada tabel. Nominal ADHB dan ADHK2010: miliar rupiah. Laju riil: persen. BPS Aceh, Provinsi Aceh Dalam Angka 2026, tabel 13.2.1, 13.2.2, 13.2.4.
2024;Aceh Utara;30100.23;18464.79;3.67;Angka sementara. Nominal ADHB dan ADHK2010: miliar rupiah. Laju riil: persen. BPS Aceh, Provinsi Aceh Dalam Angka 2026, tabel 13.2.1, 13.2.2, 13.2.4.
2025;Aceh Utara;30787.03;18638.83;0.94;Angka sangat sementara. Nominal ADHB dan ADHK2010: miliar rupiah. Laju riil: persen. BPS Aceh, Provinsi Aceh Dalam Angka 2026, tabel 13.2.1, 13.2.2, 13.2.4.
2021;Aceh Barat Daya;4137.85;3069.80;2.88;Tanpa penanda sementara pada tabel. Nominal ADHB dan ADHK2010: miliar rupiah. Laju riil: persen. BPS Aceh, Provinsi Aceh Dalam Angka 2026, tabel 13.2.1, 13.2.2, 13.2.4.
2022;Aceh Barat Daya;4546.36;3188.66;3.87;Tanpa penanda sementara pada tabel. Nominal ADHB dan ADHK2010: miliar rupiah. Laju riil: persen. BPS Aceh, Provinsi Aceh Dalam Angka 2026, tabel 13.2.1, 13.2.2, 13.2.4.
2023;Aceh Barat Daya;4964.87;3313.73;3.92;Tanpa penanda sementara pada tabel. Nominal ADHB dan ADHK2010: miliar rupiah. Laju riil: persen. BPS Aceh, Provinsi Aceh Dalam Angka 2026, tabel 13.2.1, 13.2.2, 13.2.4.
2024;Aceh Barat Daya;5367.93;3454.39;4.24;Angka sementara. Nominal ADHB dan ADHK2010: miliar rupiah. Laju riil: persen. BPS Aceh, Provinsi Aceh Dalam Angka 2026, tabel 13.2.1, 13.2.2, 13.2.4.
2025;Aceh Barat Daya;5788.24;3596.03;4.1;Angka sangat sementara. Nominal ADHB dan ADHK2010: miliar rupiah. Laju riil: persen. BPS Aceh, Provinsi Aceh Dalam Angka 2026, tabel 13.2.1, 13.2.2, 13.2.4.
2021;Gayo Lues;2860.81;1981.88;2.32;Tanpa penanda sementara pada tabel. Nominal ADHB dan ADHK2010: miliar rupiah. Laju riil: persen. BPS Aceh, Provinsi Aceh Dalam Angka 2026, tabel 13.2.1, 13.2.2, 13.2.4.
2022;Gayo Lues;3076.50;2051.53;3.51;Tanpa penanda sementara pada tabel. Nominal ADHB dan ADHK2010: miliar rupiah. Laju riil: persen. BPS Aceh, Provinsi Aceh Dalam Angka 2026, tabel 13.2.1, 13.2.2, 13.2.4.
2023;Gayo Lues;3336.16;2133.20;3.98;Tanpa penanda sementara pada tabel. Nominal ADHB dan ADHK2010: miliar rupiah. Laju riil: persen. BPS Aceh, Provinsi Aceh Dalam Angka 2026, tabel 13.2.1, 13.2.2, 13.2.4.
2024;Gayo Lues;3583.01;2202.73;3.26;Angka sementara. Nominal ADHB dan ADHK2010: miliar rupiah. Laju riil: persen. BPS Aceh, Provinsi Aceh Dalam Angka 2026, tabel 13.2.1, 13.2.2, 13.2.4.
2025;Gayo Lues;3799.99;2248.44;2.08;Angka sangat sementara. Nominal ADHB dan ADHK2010: miliar rupiah. Laju riil: persen. BPS Aceh, Provinsi Aceh Dalam Angka 2026, tabel 13.2.1, 13.2.2, 13.2.4.
2021;Aceh Tamiang;8873.38;6062.52;0.88;Tanpa penanda sementara pada tabel. Nominal ADHB dan ADHK2010: miliar rupiah. Laju riil: persen. BPS Aceh, Provinsi Aceh Dalam Angka 2026, tabel 13.2.1, 13.2.2, 13.2.4.
2022;Aceh Tamiang;10433.25;6260.93;3.27;Tanpa penanda sementara pada tabel. Nominal ADHB dan ADHK2010: miliar rupiah. Laju riil: persen. BPS Aceh, Provinsi Aceh Dalam Angka 2026, tabel 13.2.1, 13.2.2, 13.2.4.
2023;Aceh Tamiang;10728.75;6402.01;2.25;Tanpa penanda sementara pada tabel. Nominal ADHB dan ADHK2010: miliar rupiah. Laju riil: persen. BPS Aceh, Provinsi Aceh Dalam Angka 2026, tabel 13.2.1, 13.2.2, 13.2.4.
2024;Aceh Tamiang;11561.90;6684.88;4.42;Angka sementara. Nominal ADHB dan ADHK2010: miliar rupiah. Laju riil: persen. BPS Aceh, Provinsi Aceh Dalam Angka 2026, tabel 13.2.1, 13.2.2, 13.2.4.
2025;Aceh Tamiang;12005.78;6748.29;0.95;Angka sangat sementara. Nominal ADHB dan ADHK2010: miliar rupiah. Laju riil: persen. BPS Aceh, Provinsi Aceh Dalam Angka 2026, tabel 13.2.1, 13.2.2, 13.2.4.
2021;Nagan Raya;9085.90;7037.42;4.26;Tanpa penanda sementara pada tabel. Nominal ADHB dan ADHK2010: miliar rupiah. Laju riil: persen. BPS Aceh, Provinsi Aceh Dalam Angka 2026, tabel 13.2.1, 13.2.2, 13.2.4.
2022;Nagan Raya;10642.66;7260.23;3.17;Tanpa penanda sementara pada tabel. Nominal ADHB dan ADHK2010: miliar rupiah. Laju riil: persen. BPS Aceh, Provinsi Aceh Dalam Angka 2026, tabel 13.2.1, 13.2.2, 13.2.4.
2023;Nagan Raya;11871.33;7756.04;6.83;Tanpa penanda sementara pada tabel. Nominal ADHB dan ADHK2010: miliar rupiah. Laju riil: persen. BPS Aceh, Provinsi Aceh Dalam Angka 2026, tabel 13.2.1, 13.2.2, 13.2.4.
2024;Nagan Raya;12431.71;8095.62;4.38;Angka sementara. Nominal ADHB dan ADHK2010: miliar rupiah. Laju riil: persen. BPS Aceh, Provinsi Aceh Dalam Angka 2026, tabel 13.2.1, 13.2.2, 13.2.4.
2025;Nagan Raya;13307.88;8422.99;4.04;Angka sangat sementara. Nominal ADHB dan ADHK2010: miliar rupiah. Laju riil: persen. BPS Aceh, Provinsi Aceh Dalam Angka 2026, tabel 13.2.1, 13.2.2, 13.2.4.
2021;Aceh Jaya;2859.09;2033.84;2.59;Tanpa penanda sementara pada tabel. Nominal ADHB dan ADHK2010: miliar rupiah. Laju riil: persen. BPS Aceh, Provinsi Aceh Dalam Angka 2026, tabel 13.2.1, 13.2.2, 13.2.4.
2022;Aceh Jaya;3121.53;2108.60;3.68;Tanpa penanda sementara pada tabel. Nominal ADHB dan ADHK2010: miliar rupiah. Laju riil: persen. BPS Aceh, Provinsi Aceh Dalam Angka 2026, tabel 13.2.1, 13.2.2, 13.2.4.
2023;Aceh Jaya;3373.79;2196.08;4.15;Tanpa penanda sementara pada tabel. Nominal ADHB dan ADHK2010: miliar rupiah. Laju riil: persen. BPS Aceh, Provinsi Aceh Dalam Angka 2026, tabel 13.2.1, 13.2.2, 13.2.4.
2024;Aceh Jaya;3606.65;2280.16;3.83;Angka sementara. Nominal ADHB dan ADHK2010: miliar rupiah. Laju riil: persen. BPS Aceh, Provinsi Aceh Dalam Angka 2026, tabel 13.2.1, 13.2.2, 13.2.4.
2025;Aceh Jaya;3878.75;2352.07;3.15;Angka sangat sementara. Nominal ADHB dan ADHK2010: miliar rupiah. Laju riil: persen. BPS Aceh, Provinsi Aceh Dalam Angka 2026, tabel 13.2.1, 13.2.2, 13.2.4.
2021;Bener Meriah;5006.64;3754.09;3.42;Tanpa penanda sementara pada tabel. Nominal ADHB dan ADHK2010: miliar rupiah. Laju riil: persen. BPS Aceh, Provinsi Aceh Dalam Angka 2026, tabel 13.2.1, 13.2.2, 13.2.4.
2022;Bener Meriah;5476.17;3882.43;3.42;Tanpa penanda sementara pada tabel. Nominal ADHB dan ADHK2010: miliar rupiah. Laju riil: persen. BPS Aceh, Provinsi Aceh Dalam Angka 2026, tabel 13.2.1, 13.2.2, 13.2.4.
2023;Bener Meriah;6018.82;4085.23;5.22;Tanpa penanda sementara pada tabel. Nominal ADHB dan ADHK2010: miliar rupiah. Laju riil: persen. BPS Aceh, Provinsi Aceh Dalam Angka 2026, tabel 13.2.1, 13.2.2, 13.2.4.
2024;Bener Meriah;6520.63;4218.99;3.27;Angka sementara. Nominal ADHB dan ADHK2010: miliar rupiah. Laju riil: persen. BPS Aceh, Provinsi Aceh Dalam Angka 2026, tabel 13.2.1, 13.2.2, 13.2.4.
2025;Bener Meriah;7053.89;4319.32;2.38;Angka sangat sementara. Nominal ADHB dan ADHK2010: miliar rupiah. Laju riil: persen. BPS Aceh, Provinsi Aceh Dalam Angka 2026, tabel 13.2.1, 13.2.2, 13.2.4.
2021;Pidie Jaya;3680.15;2635.52;2.03;Tanpa penanda sementara pada tabel. Nominal ADHB dan ADHK2010: miliar rupiah. Laju riil: persen. BPS Aceh, Provinsi Aceh Dalam Angka 2026, tabel 13.2.1, 13.2.2, 13.2.4.
2022;Pidie Jaya;3980.18;2729.56;3.57;Tanpa penanda sementara pada tabel. Nominal ADHB dan ADHK2010: miliar rupiah. Laju riil: persen. BPS Aceh, Provinsi Aceh Dalam Angka 2026, tabel 13.2.1, 13.2.2, 13.2.4.
2023;Pidie Jaya;4349.09;2845.17;4.24;Tanpa penanda sementara pada tabel. Nominal ADHB dan ADHK2010: miliar rupiah. Laju riil: persen. BPS Aceh, Provinsi Aceh Dalam Angka 2026, tabel 13.2.1, 13.2.2, 13.2.4.
2024;Pidie Jaya;4724.84;2974.56;4.55;Angka sementara. Nominal ADHB dan ADHK2010: miliar rupiah. Laju riil: persen. BPS Aceh, Provinsi Aceh Dalam Angka 2026, tabel 13.2.1, 13.2.2, 13.2.4.
2025;Pidie Jaya;5014.53;3051.61;2.59;Angka sangat sementara. Nominal ADHB dan ADHK2010: miliar rupiah. Laju riil: persen. BPS Aceh, Provinsi Aceh Dalam Angka 2026, tabel 13.2.1, 13.2.2, 13.2.4.
2021;Kota Banda Aceh;19943.96;15449.90;5.50;Tanpa penanda sementara pada tabel. Nominal ADHB dan ADHK2010: miliar rupiah. Laju riil: persen. BPS Aceh, Provinsi Aceh Dalam Angka 2026, tabel 13.2.1, 13.2.2, 13.2.4.
2022;Kota Banda Aceh;21560.51;16257.33;5.23;Tanpa penanda sementara pada tabel. Nominal ADHB dan ADHK2010: miliar rupiah. Laju riil: persen. BPS Aceh, Provinsi Aceh Dalam Angka 2026, tabel 13.2.1, 13.2.2, 13.2.4.
2023;Kota Banda Aceh;23773.42;17079.85;5.06;Tanpa penanda sementara pada tabel. Nominal ADHB dan ADHK2010: miliar rupiah. Laju riil: persen. BPS Aceh, Provinsi Aceh Dalam Angka 2026, tabel 13.2.1, 13.2.2, 13.2.4.
2024;Kota Banda Aceh;26025.15;18117.78;6.08;Angka sementara. Nominal ADHB dan ADHK2010: miliar rupiah. Laju riil: persen. BPS Aceh, Provinsi Aceh Dalam Angka 2026, tabel 13.2.1, 13.2.2, 13.2.4.
2025;Kota Banda Aceh;27937.93;18962.49;4.66;Angka sangat sementara. Nominal ADHB dan ADHK2010: miliar rupiah. Laju riil: persen. BPS Aceh, Provinsi Aceh Dalam Angka 2026, tabel 13.2.1, 13.2.2, 13.2.4.
2021;Kota Sabang;1601.32;1152.87;2.67;Tanpa penanda sementara pada tabel. Nominal ADHB dan ADHK2010: miliar rupiah. Laju riil: persen. BPS Aceh, Provinsi Aceh Dalam Angka 2026, tabel 13.2.1, 13.2.2, 13.2.4.
2022;Kota Sabang;1642.78;1182.51;2.57;Tanpa penanda sementara pada tabel. Nominal ADHB dan ADHK2010: miliar rupiah. Laju riil: persen. BPS Aceh, Provinsi Aceh Dalam Angka 2026, tabel 13.2.1, 13.2.2, 13.2.4.
2023;Kota Sabang;1746.93;1217.54;2.96;Tanpa penanda sementara pada tabel. Nominal ADHB dan ADHK2010: miliar rupiah. Laju riil: persen. BPS Aceh, Provinsi Aceh Dalam Angka 2026, tabel 13.2.1, 13.2.2, 13.2.4.
2024;Kota Sabang;1861.10;1268.22;4.16;Angka sementara. Nominal ADHB dan ADHK2010: miliar rupiah. Laju riil: persen. BPS Aceh, Provinsi Aceh Dalam Angka 2026, tabel 13.2.1, 13.2.2, 13.2.4.
2025;Kota Sabang;1973.97;1314.89;3.68;Angka sangat sementara. Nominal ADHB dan ADHK2010: miliar rupiah. Laju riil: persen. BPS Aceh, Provinsi Aceh Dalam Angka 2026, tabel 13.2.1, 13.2.2, 13.2.4.
2021;Kota Langsa;5765.49;3962.71;3.92;Tanpa penanda sementara pada tabel. Nominal ADHB dan ADHK2010: miliar rupiah. Laju riil: persen. BPS Aceh, Provinsi Aceh Dalam Angka 2026, tabel 13.2.1, 13.2.2, 13.2.4.
2022;Kota Langsa;6263.28;4151.97;4.78;Tanpa penanda sementara pada tabel. Nominal ADHB dan ADHK2010: miliar rupiah. Laju riil: persen. BPS Aceh, Provinsi Aceh Dalam Angka 2026, tabel 13.2.1, 13.2.2, 13.2.4.
2023;Kota Langsa;6853.39;4326.98;4.22;Tanpa penanda sementara pada tabel. Nominal ADHB dan ADHK2010: miliar rupiah. Laju riil: persen. BPS Aceh, Provinsi Aceh Dalam Angka 2026, tabel 13.2.1, 13.2.2, 13.2.4.
2024;Kota Langsa;7323.86;4518.85;4.43;Angka sementara. Nominal ADHB dan ADHK2010: miliar rupiah. Laju riil: persen. BPS Aceh, Provinsi Aceh Dalam Angka 2026, tabel 13.2.1, 13.2.2, 13.2.4.
2025;Kota Langsa;7723.06;4643.51;2.76;Angka sangat sementara. Nominal ADHB dan ADHK2010: miliar rupiah. Laju riil: persen. BPS Aceh, Provinsi Aceh Dalam Angka 2026, tabel 13.2.1, 13.2.2, 13.2.4.
2021;Kota Lhokseumawe;9431.39;7252.90;3.84;Tanpa penanda sementara pada tabel. Nominal ADHB dan ADHK2010: miliar rupiah. Laju riil: persen. BPS Aceh, Provinsi Aceh Dalam Angka 2026, tabel 13.2.1, 13.2.2, 13.2.4.
2022;Kota Lhokseumawe;10277.63;7543.74;4.01;Tanpa penanda sementara pada tabel. Nominal ADHB dan ADHK2010: miliar rupiah. Laju riil: persen. BPS Aceh, Provinsi Aceh Dalam Angka 2026, tabel 13.2.1, 13.2.2, 13.2.4.
2023;Kota Lhokseumawe;11169.63;7861.01;4.21;Tanpa penanda sementara pada tabel. Nominal ADHB dan ADHK2010: miliar rupiah. Laju riil: persen. BPS Aceh, Provinsi Aceh Dalam Angka 2026, tabel 13.2.1, 13.2.2, 13.2.4.
2024;Kota Lhokseumawe;11848.24;8211.43;4.46;Angka sementara. Nominal ADHB dan ADHK2010: miliar rupiah. Laju riil: persen. BPS Aceh, Provinsi Aceh Dalam Angka 2026, tabel 13.2.1, 13.2.2, 13.2.4.
2025;Kota Lhokseumawe;12720.91;8489.95;3.39;Angka sangat sementara. Nominal ADHB dan ADHK2010: miliar rupiah. Laju riil: persen. BPS Aceh, Provinsi Aceh Dalam Angka 2026, tabel 13.2.1, 13.2.2, 13.2.4.
2021;Kota Subulussalam;2110.95;1439.00;3.87;Tanpa penanda sementara pada tabel. Nominal ADHB dan ADHK2010: miliar rupiah. Laju riil: persen. BPS Aceh, Provinsi Aceh Dalam Angka 2026, tabel 13.2.1, 13.2.2, 13.2.4.
2022;Kota Subulussalam;2364.90;1498.30;4.12;Tanpa penanda sementara pada tabel. Nominal ADHB dan ADHK2010: miliar rupiah. Laju riil: persen. BPS Aceh, Provinsi Aceh Dalam Angka 2026, tabel 13.2.1, 13.2.2, 13.2.4.
2023;Kota Subulussalam;2559.59;1559.06;4.06;Tanpa penanda sementara pada tabel. Nominal ADHB dan ADHK2010: miliar rupiah. Laju riil: persen. BPS Aceh, Provinsi Aceh Dalam Angka 2026, tabel 13.2.1, 13.2.2, 13.2.4.
2024;Kota Subulussalam;2761.85;1623.25;4.12;Angka sementara. Nominal ADHB dan ADHK2010: miliar rupiah. Laju riil: persen. BPS Aceh, Provinsi Aceh Dalam Angka 2026, tabel 13.2.1, 13.2.2, 13.2.4.
2025;Kota Subulussalam;2988.08;1685.68;3.85;Angka sangat sementara. Nominal ADHB dan ADHK2010: miliar rupiah. Laju riil: persen. BPS Aceh, Provinsi Aceh Dalam Angka 2026, tabel 13.2.1, 13.2.2, 13.2.4.
